{"events":[{"title":"Testing","image":"https://th.bing.com/th/id/OIG.TcyapbpgOu0a5mg4uVCj?pid=ImgGn","date":"2023-10-13","description":"test","id":"8f6a77b7-d9f4-49ec-81ed-bcb23f538450"},{"title":"test","image":"https://th.bing.com/th/id/OIG.Uiw4mY9uDZGkBgMcRbuT?pid=ImgGn","date":"2023-10-26","description":"test","id":"d2f7423e-a250-4010-96f2-a64183a1f489"},{"id":"e1","title":"A dummy event","date":"2023-02-22","image":"https://blog.hubspot.de/hubfs/Germany/Blog_images/Optimize_Marketing%20Events%20DACH%202021.jpg","description":"Join this amazing event and connect with fellow developers."}]}